{"1.8775882904928458": 3.5253377885958472, "-0.2152626418256438": 0.046338004965755415, "0.07757972349353895": 0.0060186134973339595, "-0.9594945128178669": 0.9206297201275958, "0.9365148610667243": 0.8770600849988259, "0.17408746636209152": 0.030306445944372346, "1.4642697058983043": 2.1440857716115067, "-0.8255243147243997": 0.6814903942011897, "0.4131271618426333": 0.17067405185214934, "-1.9278778416955606": 3.716712972500733, "1.0080250093493641": 1.0161144194737857, "-0.03133570110138973": 0.0009819261635156376, "-0.2646592571505047": 0.07004452239545697, "-0.4441678998728409": 0.19728512327745001, "1.5043917002220815": 2.263194387697085, "0.6174847516476217": 0.3812874185173251, "0.6779758475581189": 0.45965124987214967, "0.8011824512450199": 0.6418933201829786, "1.2515351279099243": 1.5663401763925104, "-0.9031129673229871": 0.8156130317469307, "1.5673737992027195": 2.456660626427167, "0.5186690587389874": 0.26901759249318713, "-1.1309694989618597": 1.27909200758204, "0.04493158301474979": "hay informaci\u00f3n escondida", "0.6497018188007067": 0.4221124533529463, "-0.08190843091011035": 0.006708991054156321, "1.6862723399865063": 2.8435144046035674, "0.8619962798077608": 0.7430375864024195, "0.7056029276512127": 0.49787549150996246, "1.5478794911197002": 2.395930919028982, "-0.3146656916474705": 0.09901449749998098, "-0.39621989233765986": 0.15699020308406678, "-0.7880982990178668": 0.621098928914855, "-0.014083911671236387": 0.0001983565679631885, "-1.998541071650487": 3.994166415073877, "-1.9484591990924438": 3.7964932505279676, "1.2926618618219605": 1.6709746890090174, "-1.1968203217780395": 1.43237888262089, "1.0004751659125855": 1.0009505576078155, "-0.21319935094931294": 0.045453963245208305, "-0.4375191714827148": 0.1914230254149212, "1.0491348817426944": 1.1006840000892575, "-0.1284297595573752": 0.01649420313996521, "-0.009902901388322385": 9.806745590683742e-05, "-0.061984623251001965": 0.0038420935195686533, "0.7298834996537139": 0.532729923066753, "0.20990952636535906": 0.04406200925892937, "0.12429447103437793": 0.015449115529715816, "2.9818956979507796": 8.891701953457368, "0.7709195580928044": 0.5943169650500049, "0.7622218315237292": 0.5809821204513883, "-2.324741472066919": 5.404422911947865, "0.6279787610832049": 0.394357324371597, "0.6008393908274839": 0.361007973569942, "-2.474727414720813": 6.124275777170759, "0.3097731178421676": 0.09595938453765746, "0.7709739271849267": 0.5944007963989487, "-0.7620280161900589": 0.5806866974585566, "-0.6197622499688084": 0.3841052464863997, "-0.0639169635156832": 0.004085378225065177, "0.39145699497829023": 0.15323857891743314, "-0.4658320486356027": 0.2169994975360425, "0.5231488649654141": 0.2736847349146011, "0.8397778912619572": 0.7052269066523796, "0.5480821488088489": 0.3003940418429252, "-0.314888351515269": 0.09915467392000361, "0.3465914763510288": 0.12012565147918577, "0.22083250229451548": 0.048766994069657184, "0.02936267837925446": 0.0008621668816035374, "-0.7445903549055306": 0.554414796618344, "1.1146575273168164": 1.2424614032040393, "-1.3992902135330687": 1.958013101689421, "0.4977148970542876": 0.24772011874976013, "-0.30593225964661913": 0.09359454749248639, "-0.5170596528789903": 0.2673506846353419, "-0.22166680768986657": 0.04913617363141629, "0.6678254899764513": 0.44599088506228723, "1.5116186497659423": 2.2849909423202104, "0.44412795112791575": 0.19724963697308032, "-1.470594183274545": 2.162647251880926, "0.8966295381660114": 0.803944528711795, "-0.1809047719421522": 0.032726536511442104, "0.9565472887145776": 0.9149827155472096, "-1.9380511219509686": 3.756042151295408, "-0.4518169456437301": 0.20413855237082937, "-0.5413947457473516": 0.29310827072283946, "0.8568691509675767": 0.7342247418798957, "-0.5975509194321982": 0.3570671013142654, "0.4522851392185649": 0.20456184715795664, "0.23850572709119466": 0.05688498185529943, "-3.096333711918257": 9.58728245556149, "0.2518646073229737": 0.06343578042195575, "0.9345922972233173": 0.8734627620291574, "0.4850431679999103": 0.23526687482338923, "-0.3799686091452493": 0.14437614393577525, "1.19665084290979": 1.4319732398367109, "-0.9811102243603074": 0.9625772723443327, "-0.1509266836008704": 0.022778863822757237, "-0.2915956420268389": 0.08502801844904438, "0.3064898254107635": 0.09393601308032028}